 ,Rotten,Fresh
Critic,0.4716981132075472,99.52830188679245
User,27.963917525773198,72.0360824742268
