 ,Rotten,Fresh
Critic,8.02919708029197,91.97080291970804
User,20.71156289707751,79.28843710292249
